<?xml version="1.0" encoding="UTF-8"?>
<!DOCTYPE suite SYSTEM "https://testng.org/testng-1.0.dtd">
<suite name="Suite">
  <test thread-count="5" name="EnglishTest" verbose="5" parallel="classes">
  <parameter name="language" value="english"></parameter>
    <classes>
     <class name="testcases.CreateLead"/>
      <class name="testcases.EditLead"/>
     <!-- <class name="testcases.DeleteLead"/>
      <class name="testcases.DuplicateLead"/>   -->    
    </classes>
  </test> <!-- Test -->
</suite> <!-- Suite -->
